Workbook

Sheet SETUP_ADMIN
A1: BIBLIOTHÈQUE CONTAINERS
A2: ID | B2: Nom | C2: Puissance (MW) | D2: Courant (A) | E2: Refroidissement | F2: CAPEX (USD) | G2: Longueur (m) | H2: Largeur (m) | I2: Fondation
A3: HD5 | B3: HD5-1.6MW-400V-Mining-Container | C3: 1.6 | D3: 2300 | E3: air, immersion | F3: 420000 | G3: 12 | H3: 2.5 | I3: RC40
A6: BIBLIOTHÈQUE TRANSFORMATEURS
A7: ID | B7: Nom | C7: Puissance (MW) | D7: CAPEX (USD) | E7: Longueur (m) | F7: Largeur (m) | G7: Fondation
A8: TR_5MW | B8: TR-5MW-MT-BT | C8: 5 | D8: 180000 | E8: 5 | F8: 4 | G8: RC40
A11: BIBLIOTHÈQUE POWERBLOCKS
A12: ID | B12: Nom | C12: Puissance (MW) | D12: Nbr Transformateurs | E12: Redondance | F12: CAPEX (USD) | G12: Longueur (m) | H12: Largeur (m) | I12: Fondation
A13: PB_25MW | B13: PB-25MW | C13: 25 | D13: 5 | E13: 1 | F13: 1200000 | G13: 20 | H13: 10 | I13: RC40
A16: BIBLIOTHÈQUE ÉNERGIE
A17: Type | B17: Buffer requis | C17: OPEX (USD/MWh)
A18: grid | B18: Non | C18: 50
A19: generator | B19: Non | C19: 120
A20: solar | B20: Oui | C20: 10
A21: wind | B21: Oui | C21: 15
A22: flare_gas | B22: Oui | C22: 30
A23: biogas | B23: Oui | C23: 35

Sheet INPUT_PROJECT
A1: PARAMÈTRES DU PROJET
A3: Nom projet | B3: :
A4: Pays | B4: :
A5: Puissance IT cible (MW) | B5: : | C5: 0
A6: Puissance future (MW) | B6: : | C6: 0
A7: Type d'énergie | B7: : | C7: grid
A8: Type mining | B8: : | C8: air
A9: Restriction surface | B9: : | C9: Non
A10: Surface max (m²) | B10: :
A13: PHASAGE CHANTIER
A14: Phase | B14: Puissance (MW)
A15: Phase ?

Sheet CALCUL_ENGINE
A1: CALCULS QUANTITÉS
A2: Équipement | B2: Quantité
A3: Containers HD5 | B3: =ARRONDI.SUP(INPUT_PROJECT!C5/1.6;0)
A4: Transformateurs | B4: =ARRONDI.SUP(INPUT_PROJECT!C5/5;0)
A5: PowerBlocks | B5: =SI(INPUT_PROJECT!C5<20;0;ARRONDI.SUP(INPUT_PROJECT!C5/25;0))
A7: CALCULS CAPEX
A8: Équipement | B8: Quantité | C8: Prix unitaire (USD) | D8: CAPEX (USD)
A9: Containers | B9: =B6 | C9: 420000 | D9: =B9*C9
A10: Transformateurs | B10: =B7 | C10: 180000 | D10: =B10*C10
A11: PowerBlocks | B11: =B8 | C11: 1200000 | D11: =B11*C11
A12: Génie Civil | D12: =LAYOUT!B2*100
A13: CAPEX TOTAL | D13: =SOMME(D9:D12)
A15: CALCULS OPEX (ANNUEL)
A16: Élément | B16: OPEX (USD/an)
A17: Électricité | B17: =INPUT_PROJECT!C5*8760*INDEX(SETUP_ADMIN!C18:C23;EQUIV(INPUT_PROJECT!C7;SETUP_ADMIN!A18:A23;0);1)
A18: Maintenance (2% CAPEX) | B18: =D13*0.02
A19: OPEX TOTAL | B19: =SOMME(B17:B18)

Sheet LAYOUT
A1: Surface totale utilisée (m²): | B1: =SOMMEPROD(G6:G1000;H6:H1000)
A2: Surface limite (m²): | B2: =SI(INPUT_PROJECT!C9="Oui";INPUT_PROJECT!C10;"Non limité")
A3: Alerte dépassement: | B3: =SI(ET(INPUT_PROJECT!C9="Oui";B2>B3);"⚠ DÉPASSEMENT";"OK")
A5: ID Élément | B5: Type | C5: X (m) | D5: Y (m) | E5: Rotation (°) | F5: Phase | G5: Longueur (m) | H5: Largeur (m) | I5: Alerte

Sheet GRAPHIQUES
A1: RÉPARTITION CAPEX
A2: Élément | B2: CAPEX (USD) | C2: Part (%)
A3: Containers | B3: =CALCUL_ENGINE!D9 | C3: =SI($B$10<>0;B6/$B$10;0)
A4: Transformateurs | B4: =CALCUL_ENGINE!D10 | C4: =SI($B$10<>0;B7/$B$10;0)
A5: PowerBlocks | B5: =CALCUL_ENGINE!D11 | C5: =SI($B$10<>0;B8/$B$10;0)
A6: Génie Civil | B6: =CALCUL_ENGINE!D12 | C6: =SI($B$10<>0;B9/$B$10;0)
A7: TOTAL | B7: =SOMME(B6:B9) | C7: 100%
A10: CAPEX vs OPEX ANNUEL
A11: Type | B11: CAPEX (USD) | C11: OPEX (USD/an)
A12: Total | B12: =CALCUL_ENGINE!D13 | C12: =CALCUL_ENGINE!B19
A16: ÉVOLUTION PAR PHASE
A17: Phase | B17: Puissance (MW) | C17: CAPEX (USD)
